from_file,imported_symbol,line
src\bootstrap\__init__.py,singletons.ensure_providers_configured,11
src\bootstrap\__init__.py,singletons.ensure_tools_built,11
src\bootstrap\__init__.py,singletons.ensure_provider_tools_registered,11
src\bootstrap\__init__.py,singletons.bootstrap_all,11
src\bootstrap\__init__.py,singletons.is_providers_configured,11
src\bootstrap\__init__.py,singletons.is_tools_built,11
src\bootstrap\__init__.py,singletons.is_provider_tools_registered,11
src\bootstrap\__init__.py,singletons.get_tools,11
src\server\registry_bridge.py,src.bootstrap.singletons.ensure_tools_built,30
src\server\registry_bridge.py,src.bootstrap.singletons.get_tools,30
